País,Año_Compra,Total_Compradores,Gasto_USD_Total,Gasto_USD_Promedio,Items_Total,Items_Promedio,Edad_Promedio,Ingreso_Prom_USD,Distancia_Prom_km,Tiempo_Busq_Prom,Pct_Recomienda,Pct_Primera_Vez,Pct_Satisfechos,Canal_Mas_Frecuente,Categoria_Top,Motivacion_Top,Genero_Predominante,Plataforma_Top
Argentina,2000,5,191.29,38.26,13,2.6,27.8,1143.8,7.08,27.8,60.0,80.0,60.0,Mercado físico,Ropa deportiva,Ahorro económico,Masculino,Ninguna
Argentina,2001,6,156.8,26.13,19,3.17,27.67,810.67,5.32,36.17,83.33,16.67,100.0,Feria local,Accesorios,Reducir consumo,Femenino,Facebook
Argentina,2002,9,292.43,32.49,32,3.56,30.89,1289.22,6.06,27.67,88.89,0.0,55.56,Mercado físico,Ropa deportiva,Tendencia social,Femenino,WhatsApp
Argentina,2003,4,70.71,17.68,10,2.5,30.0,1011.5,8.15,42.25,100.0,0.0,75.0,Mercado físico,Ropa vintage,Sostenibilidad ambiental,Femenino,Instagram
Argentina,2004,13,451.48,34.73,49,3.77,27.23,1116.46,5.28,38.23,92.31,15.38,61.54,Mercado físico,Ropa casual,Ahorro económico,Femenino,TikTok
Argentina,2005,12,385.73,32.14,39,3.25,27.75,1034.33,5.24,36.83,91.67,0.0,58.33,Mercado físico,Ropa vintage,Ahorro económico,Femenino,TikTok
Argentina,2006,5,140.57,28.11,17,3.4,25.6,992.6,2.44,56.6,100.0,0.0,40.0,Feria local,Ropa deportiva,Ahorro económico,Femenino,WhatsApp
Argentina,2007,8,351.67,43.96,42,5.25,29.38,1170.75,2.52,31.12,87.5,37.5,50.0,Feria local,Ropa formal,Ahorro económico,Femenino,Facebook
Argentina,2008,5,186.98,37.4,24,4.8,33.0,1220.0,2.04,44.6,60.0,0.0,80.0,Mercado físico,Accesorios,Sostenibilidad ambiental,Femenino,Ninguna
Argentina,2009,5,237.94,47.59,13,2.6,29.6,1035.4,5.04,30.2,80.0,40.0,80.0,Mercado físico,Ropa formal,Moda única/vintage,Femenino,WhatsApp
Argentina,2010,7,289.17,41.31,27,3.86,29.71,983.14,3.79,28.86,100.0,0.0,57.14,Feria local,Ropa casual,Sostenibilidad ambiental,Femenino,Facebook
Argentina,2011,11,552.79,50.25,48,4.36,28.82,1128.64,4.24,31.0,90.91,18.18,90.91,Mercado físico,Ropa casual,Ahorro económico,Masculino,Instagram
Argentina,2012,5,238.75,47.75,19,3.8,29.6,1482.0,4.18,41.4,80.0,20.0,40.0,Mercado físico,Ropa de diseñador,Sostenibilidad ambiental,Femenino,Instagram
Argentina,2013,9,417.48,46.39,33,3.67,26.78,965.78,3.7,33.89,88.89,11.11,66.67,Feria local,Ropa casual,Ahorro económico,Femenino,WhatsApp
Argentina,2014,19,1032.71,54.35,92,4.84,26.32,1187.74,5.03,28.74,84.21,15.79,73.68,Tienda online,Ropa formal,Moda única/vintage,Femenino,Instagram
Argentina,2015,18,996.79,55.38,77,4.28,25.33,1099.33,4.44,29.61,83.33,11.11,72.22,Feria local,Ropa vintage,Ahorro económico,Femenino,Instagram
Argentina,2016,28,1401.8,50.06,119,4.25,29.82,1064.18,3.05,28.29,85.71,14.29,78.57,Aplicación móvil,Ropa deportiva,Ahorro económico,Femenino,Instagram
Argentina,2017,21,1258.34,59.92,92,4.38,30.38,1069.9,3.95,33.38,85.71,4.76,71.43,Intercambio entre amigos,Ropa formal,Ahorro económico,Femenino,TikTok
Argentina,2018,29,1656.8,57.13,124,4.28,29.55,1037.1,3.2,32.45,72.41,10.34,82.76,Mercado físico,Ropa casual,Ahorro económico,Femenino,Facebook
Argentina,2019,21,1221.41,58.16,91,4.33,28.29,1042.86,5.97,24.43,80.95,0.0,47.62,Aplicación móvil,Accesorios,Ahorro económico,Femenino,Facebook
Argentina,2020,35,1891.22,54.03,181,5.17,26.14,1021.37,4.95,25.0,82.86,14.29,71.43,Redes sociales,Accesorios,Sostenibilidad ambiental,Masculino,Instagram
Argentina,2021,30,1846.34,61.54,164,5.47,28.2,1076.1,5.84,34.8,80.0,20.0,70.0,Feria local,Ropa formal,Ahorro económico,Femenino,Instagram
Argentina,2022,27,1705.93,63.18,141,5.22,28.3,1028.96,4.34,30.7,92.59,22.22,62.96,Tienda online,Accesorios,Ahorro económico,Femenino,Instagram
Argentina,2023,40,2593.97,64.85,224,5.6,26.78,1039.6,4.0,29.05,72.5,7.5,65.0,Aplicación móvil,Ropa formal,Ahorro económico,Femenino,Facebook
Argentina,2024,34,2244.66,66.02,175,5.15,27.82,975.53,3.66,21.88,79.41,32.35,70.59,Tienda online,Ropa formal,Ahorro económico,Femenino,TikTok
Argentina,2025,45,2899.13,64.43,234,5.2,28.6,1081.4,5.54,30.18,71.11,11.11,71.11,Aplicación móvil,Ropa de diseñador,Ahorro económico,Femenino,WhatsApp
Argentina,2026,28,1913.93,68.35,171,6.11,29.61,1138.93,5.93,29.21,82.14,7.14,53.57,Redes sociales,Ropa casual,Ahorro económico,Femenino,Instagram
Bolivia,2000,12,417.7,34.81,39,3.25,28.5,1032.75,6.39,32.08,66.67,8.33,83.33,Mercado físico,Ropa casual,Tendencia social,Masculino,Instagram
Bolivia,2001,12,328.47,27.37,41,3.42,22.75,1066.33,5.19,34.75,66.67,16.67,41.67,Mercado físico,Ropa casual,Sostenibilidad ambiental,Femenino,TikTok
Bolivia,2002,5,214.98,43.0,13,2.6,24.4,742.0,3.5,38.8,100.0,0.0,80.0,Mercado físico,Ropa formal,Ahorro económico,Masculino,Instagram
Bolivia,2003,10,279.28,27.93,45,4.5,25.4,1041.9,2.7,36.2,80.0,20.0,60.0,Mercado físico,Calzado,Ahorro económico,Femenino,Instagram
Bolivia,2004,11,426.69,38.79,38,3.45,31.91,944.36,4.38,28.45,72.73,9.09,72.73,Mercado físico,Ropa deportiva,Sostenibilidad ambiental,Masculino,TikTok
Bolivia,2005,3,121.75,40.58,14,4.67,33.0,898.67,3.23,22.0,66.67,0.0,0.0,Intercambio entre amigos,Ropa vintage,Moda única/vintage,Femenino,TikTok
Bolivia,2006,7,270.63,38.66,25,3.57,29.86,1058.0,4.56,28.57,71.43,0.0,42.86,Feria local,Calzado,Ahorro económico,Femenino,TikTok
Bolivia,2007,9,344.2,38.24,33,3.67,24.67,858.67,9.51,22.56,66.67,11.11,44.44,Feria local,Calzado,Moda única/vintage,Femenino,Facebook
Bolivia,2008,4,147.51,36.88,14,3.5,36.75,1235.0,2.72,39.75,75.0,25.0,50.0,Mercado físico,Ropa vintage,Ahorro económico,Femenino,Instagram
Bolivia,2009,6,214.7,35.78,22,3.67,30.67,1147.0,1.43,31.5,66.67,16.67,83.33,Mercado físico,Accesorios,Reducir consumo,Femenino,Ninguna
Bolivia,2010,10,443.83,44.38,45,4.5,25.9,1114.1,4.4,42.3,80.0,0.0,70.0,Mercado físico,Calzado,Sostenibilidad ambiental,Masculino,TikTok
Bolivia,2011,9,404.37,44.93,43,4.78,26.56,1087.0,3.28,27.44,66.67,0.0,77.78,Mercado físico,Ropa vintage,Ahorro económico,Femenino,TikTok
Bolivia,2012,13,632.4,48.65,53,4.08,26.92,963.62,6.81,33.15,69.23,15.38,46.15,Mercado físico,Ropa formal,Ahorro económico,Masculino,WhatsApp
Bolivia,2013,14,769.46,54.96,63,4.5,30.43,1147.21,3.14,34.0,85.71,21.43,50.0,Mercado físico,Ropa formal,Ahorro económico,Femenino,WhatsApp
Bolivia,2014,19,968.57,50.98,87,4.58,29.95,1134.11,4.39,28.89,94.74,5.26,57.89,Tienda online,Calzado,Ahorro económico,Femenino,Facebook
Bolivia,2015,7,370.03,52.86,35,5.0,31.71,892.14,2.77,34.86,57.14,0.0,42.86,Mercado físico,Ropa deportiva,Ahorro económico,Femenino,Instagram
Bolivia,2016,18,1015.67,56.43,88,4.89,32.56,1058.17,4.3,30.22,77.78,11.11,61.11,Aplicación móvil,Ropa casual,Ahorro económico,Femenino,TikTok
Bolivia,2017,19,1102.22,58.01,89,4.68,33.05,1228.74,5.91,24.21,78.95,5.26,42.11,Mercado físico,Ropa formal,Ahorro económico,Femenino,Instagram
Bolivia,2018,23,1217.97,52.96,128,5.57,26.0,1042.04,3.85,24.7,73.91,8.7,43.48,Mercado físico,Calzado,Ahorro económico,Femenino,Instagram
Bolivia,2019,32,1705.8,53.31,185,5.78,28.75,1034.94,5.29,32.88,90.62,15.62,62.5,Aplicación móvil,Ropa formal,Ahorro económico,Femenino,TikTok
Bolivia,2020,21,1209.11,57.58,98,4.67,28.33,1137.05,4.27,39.67,66.67,19.05,47.62,Tienda online,Ropa casual,Sostenibilidad ambiental,Femenino,Facebook
Bolivia,2021,36,2260.25,62.78,195,5.42,28.72,1140.44,4.51,29.78,72.22,27.78,61.11,Tienda online,Ropa de diseñador,Sostenibilidad ambiental,Femenino,TikTok
Bolivia,2022,43,2776.71,64.57,212,4.93,28.33,1092.07,4.69,31.37,88.37,23.26,53.49,Tienda online,Calzado,Ahorro económico,Femenino,TikTok
Bolivia,2023,40,2456.23,61.41,205,5.12,27.0,1032.45,5.3,29.98,72.5,17.5,70.0,Redes sociales,Ropa de diseñador,Ahorro económico,Femenino,Instagram
Bolivia,2024,38,2363.98,62.21,192,5.05,31.34,1100.37,4.93,33.61,86.84,18.42,71.05,Tienda online,Ropa de diseñador,Ahorro económico,Masculino,TikTok
Bolivia,2025,54,3568.8,66.09,299,5.54,25.15,1044.17,4.12,29.94,79.63,11.11,68.52,Tienda online,Accesorios,Ahorro económico,Femenino,Instagram
Bolivia,2026,43,2999.97,69.77,226,5.26,29.95,1047.81,4.36,28.07,69.77,13.95,65.12,Aplicación móvil,Ropa vintage,Ahorro económico,Femenino,Instagram
Chile,2000,9,218.54,24.28,22,2.44,27.44,1111.67,3.82,36.11,100.0,22.22,77.78,Mercado físico,Ropa casual,Reducir consumo,Masculino,Facebook
Chile,2001,10,239.71,23.97,28,2.8,26.0,1143.4,4.39,29.4,80.0,20.0,40.0,Mercado físico,Ropa formal,Ahorro económico,Masculino,Facebook
Chile,2002,13,301.01,23.15,45,3.46,23.15,1030.31,5.75,31.92,92.31,30.77,46.15,Mercado físico,Ropa de diseñador,Ahorro económico,Masculino,Facebook
Chile,2003,5,168.53,33.71,12,2.4,28.0,1010.8,4.22,21.0,100.0,20.0,60.0,Mercado físico,Ropa vintage,Moda única/vintage,Femenino,Instagram
Chile,2004,7,298.51,42.64,20,2.86,26.14,1277.0,4.67,27.57,85.71,0.0,71.43,Intercambio entre amigos,Calzado,Sostenibilidad ambiental,Femenino,Facebook
Chile,2005,8,314.39,39.3,26,3.25,21.0,1064.38,3.04,25.62,100.0,37.5,75.0,Mercado físico,Calzado,Ahorro económico,Masculino,Instagram
Chile,2006,9,282.66,31.41,25,2.78,27.78,1194.0,3.23,28.67,88.89,11.11,66.67,Mercado físico,Calzado,Sostenibilidad ambiental,Femenino,Instagram
Chile,2007,8,236.81,29.6,31,3.88,30.12,1022.0,4.5,26.75,87.5,12.5,62.5,Mercado físico,Calzado,Ahorro económico,Femenino,Instagram
Chile,2008,5,235.88,47.18,24,4.8,30.2,1233.6,7.5,19.8,80.0,20.0,80.0,Feria local,Ropa casual,Sostenibilidad ambiental,Masculino,WhatsApp
Chile,2009,6,208.95,34.83,35,5.83,25.67,1250.5,4.47,23.33,83.33,33.33,33.33,Mercado físico,Ropa vintage,Moda única/vintage,Femenino,Instagram
Chile,2010,9,389.38,43.26,45,5.0,31.11,972.33,4.49,43.33,77.78,11.11,88.89,Mercado físico,Ropa formal,Sostenibilidad ambiental,Femenino,Instagram
Chile,2011,11,553.11,50.28,44,4.0,33.45,1061.18,5.01,29.73,81.82,9.09,63.64,Feria local,Ropa formal,Ahorro económico,Femenino,Instagram
Chile,2012,15,668.8,44.59,57,3.8,29.6,1100.33,5.42,25.33,66.67,0.0,66.67,Feria local,Accesorios,Ahorro económico,Masculino,WhatsApp
Chile,2013,11,435.86,39.62,46,4.18,23.45,1096.73,8.54,36.09,90.91,18.18,54.55,Mercado físico,Ropa formal,Moda única/vintage,Femenino,Instagram
Chile,2014,12,627.92,52.33,59,4.92,27.92,938.83,4.53,36.83,83.33,16.67,66.67,Feria local,Accesorios,Ahorro económico,Masculino,TikTok
Chile,2015,17,943.26,55.49,93,5.47,27.88,1091.0,3.52,22.65,76.47,0.0,76.47,Tienda online,Accesorios,Ahorro económico,Femenino,Instagram
Chile,2016,27,1297.74,48.06,135,5.0,26.56,1073.56,5.25,23.78,81.48,7.41,62.96,Mercado físico,Ropa formal,Ahorro económico,Femenino,Instagram
Chile,2017,21,1314.54,62.6,117,5.57,27.0,977.67,5.93,36.67,80.95,14.29,66.67,Tienda online,Ropa vintage,Moda única/vintage,Masculino,TikTok
Chile,2018,20,1074.43,53.72,88,4.4,25.55,900.15,6.41,27.6,80.0,15.0,55.0,Feria local,Ropa formal,Ahorro económico,Femenino,Instagram
Chile,2019,31,1688.59,54.47,136,4.39,29.94,1131.26,3.16,29.71,77.42,12.9,61.29,Redes sociales,Accesorios,Ahorro económico,Femenino,Instagram
Chile,2020,20,1065.66,53.28,105,5.25,30.65,1101.65,6.52,28.8,85.0,25.0,75.0,Redes sociales,Calzado,Sostenibilidad ambiental,Femenino,Instagram
Chile,2021,35,2091.55,59.76,181,5.17,26.14,1127.31,3.69,30.23,85.71,11.43,60.0,Tienda online,Ropa casual,Ahorro económico,Femenino,TikTok
Chile,2022,29,1807.81,62.34,157,5.41,26.97,1002.69,5.36,27.14,79.31,17.24,72.41,Aplicación móvil,Ropa vintage,Ahorro económico,Femenino,Instagram
Chile,2023,39,2222.71,56.99,245,6.28,26.9,1076.85,4.43,30.64,79.49,10.26,71.79,Aplicación móvil,Ropa casual,Ahorro económico,Masculino,Instagram
Chile,2024,43,2694.42,62.66,216,5.02,28.0,1148.4,5.37,27.44,86.05,11.63,55.81,Tienda online,Calzado,Ahorro económico,Femenino,Instagram
Chile,2025,41,2531.59,61.75,185,4.51,25.56,1116.93,4.23,32.32,82.93,19.51,53.66,Tienda online,Ropa de diseñador,Ahorro económico,Femenino,Instagram
Chile,2026,34,2334.93,68.67,201,5.91,28.82,1116.85,5.0,36.29,82.35,8.82,61.76,Feria local,Ropa formal,Ahorro económico,Femenino,Instagram
Colombia,2000,5,156.76,31.35,9,1.8,23.8,1100.8,3.12,22.2,80.0,0.0,20.0,Mercado físico,Ropa formal,Sostenibilidad ambiental,Femenino,Facebook
Colombia,2001,6,215.04,35.84,20,3.33,27.5,1171.83,4.28,36.83,100.0,0.0,50.0,Feria local,Ropa deportiva,Sostenibilidad ambiental,Femenino,Instagram
Colombia,2002,9,193.27,21.47,29,3.22,27.33,1135.33,4.17,32.0,55.56,22.22,77.78,Mercado físico,Ropa deportiva,Ahorro económico,Femenino,TikTok
Colombia,2003,17,512.5,30.15,49,2.88,26.53,1189.88,3.67,28.59,94.12,17.65,52.94,Mercado físico,Ropa deportiva,Sostenibilidad ambiental,Masculino,WhatsApp
Colombia,2004,8,220.83,27.6,27,3.38,30.5,1097.0,4.49,35.5,75.0,12.5,87.5,Mercado físico,Calzado,Sostenibilidad ambiental,Femenino,Instagram
Colombia,2005,8,359.55,44.94,27,3.38,30.12,1179.62,3.76,32.38,37.5,12.5,87.5,Mercado físico,Ropa formal,Moda única/vintage,Masculino,Facebook
Colombia,2006,1,20.57,20.57,3,3.0,28.0,1255.0,1.2,50.0,100.0,0.0,100.0,Mercado físico,Calzado,Reducir consumo,Masculino,Ninguna
Colombia,2007,8,362.87,45.36,28,3.5,27.25,1049.12,4.8,29.5,100.0,12.5,87.5,Intercambio entre amigos,Ropa casual,Tendencia social,Masculino,TikTok
Colombia,2008,4,135.18,33.8,7,1.75,24.0,1073.0,6.58,35.25,75.0,0.0,50.0,Mercado físico,Ropa de diseñador,Ahorro económico,Masculino,Instagram
Colombia,2009,7,264.2,37.74,29,4.14,23.71,1033.43,11.13,24.57,85.71,14.29,85.71,Mercado físico,Accesorios,Ahorro económico,Femenino,Ninguna
Colombia,2010,11,398.25,36.2,49,4.45,28.18,997.45,4.35,32.0,63.64,45.45,72.73,Tienda online,Calzado,Sostenibilidad ambiental,Femenino,Twitter/X
Colombia,2011,5,235.63,47.13,24,4.8,27.6,964.2,8.08,24.2,100.0,40.0,40.0,Mercado físico,Ropa casual,Ahorro económico,Femenino,Facebook
Colombia,2012,5,221.12,44.22,24,4.8,27.4,1096.6,7.02,30.6,60.0,0.0,80.0,Feria local,Ropa formal,Moda única/vintage,Femenino,WhatsApp
Colombia,2013,14,614.68,43.91,63,4.5,27.93,994.79,4.16,18.86,100.0,35.71,57.14,Mercado físico,Ropa vintage,Sostenibilidad ambiental,Femenino,Facebook
Colombia,2014,17,853.99,50.23,68,4.0,27.71,1053.29,5.49,30.18,70.59,17.65,52.94,Mercado físico,Ropa de diseñador,Ahorro económico,Femenino,Instagram
Colombia,2015,8,505.15,63.14,30,3.75,28.12,1272.12,4.32,19.75,87.5,0.0,37.5,Mercado físico,Ropa deportiva,Ahorro económico,Masculino,Ninguna
Colombia,2016,11,583.36,53.03,49,4.45,29.82,1090.73,5.14,32.18,90.91,27.27,63.64,Feria local,Accesorios,Ahorro económico,Femenino,TikTok
Colombia,2017,20,1078.79,53.94,109,5.45,25.25,980.9,5.74,26.45,90.0,5.0,60.0,Redes sociales,Calzado,Ahorro económico,Masculino,Facebook
Colombia,2018,31,1797.73,57.99,153,4.94,28.23,1041.87,3.88,30.26,74.19,12.9,74.19,Tienda online,Accesorios,Ahorro económico,Femenino,Instagram
Colombia,2019,26,1424.06,54.77,132,5.08,26.12,1064.19,3.69,34.62,84.62,19.23,69.23,Feria local,Ropa de diseñador,Sostenibilidad ambiental,Femenino,Instagram
Colombia,2020,30,1545.19,51.51,145,4.83,27.5,1077.57,4.89,25.67,83.33,23.33,73.33,Aplicación móvil,Ropa formal,Ahorro económico,Femenino,Instagram
Colombia,2021,22,1329.77,60.44,128,5.82,30.0,1196.82,4.84,37.27,77.27,18.18,50.0,Tienda online,Accesorios,Ahorro económico,Femenino,Instagram
Colombia,2022,51,3244.26,63.61,259,5.08,28.22,1102.61,4.52,29.22,90.2,19.61,54.9,Tienda online,Ropa vintage,Ahorro económico,Femenino,Instagram
Colombia,2023,39,2513.9,64.46,197,5.05,27.72,1131.62,3.99,32.05,82.05,17.95,53.85,Redes sociales,Ropa vintage,Ahorro económico,Femenino,Instagram
Colombia,2024,52,3576.38,68.78,276,5.31,29.25,1081.85,4.82,31.75,71.15,9.62,55.77,Redes sociales,Ropa de diseñador,Sostenibilidad ambiental,Femenino,Instagram
Colombia,2025,41,2705.64,65.99,222,5.41,29.1,1106.32,3.96,29.68,80.49,14.63,73.17,Tienda online,Ropa deportiva,Ahorro económico,Femenino,Instagram
Colombia,2026,35,2448.07,69.94,188,5.37,28.51,1102.51,5.32,25.03,68.57,14.29,68.57,Tienda online,Ropa vintage,Ahorro económico,Femenino,Instagram
Ecuador,2000,5,126.17,25.23,15,3.0,34.8,1271.2,2.66,46.0,100.0,0.0,60.0,Mercado físico,Ropa de diseñador,Tendencia social,Femenino,TikTok
Ecuador,2001,3,95.27,31.76,10,3.33,29.33,941.67,2.33,47.33,100.0,0.0,100.0,Intercambio entre amigos,Accesorios,Tendencia social,Femenino,Facebook
Ecuador,2002,8,352.13,44.02,35,4.38,30.38,1151.5,3.46,34.75,100.0,0.0,62.5,Mercado físico,Ropa de diseñador,Moda única/vintage,Masculino,Pinterest
Ecuador,2003,7,291.49,41.64,18,2.57,32.0,1019.86,8.87,30.43,85.71,28.57,57.14,Feria local,Calzado,Tendencia social,Femenino,WhatsApp
Ecuador,2004,10,342.56,34.26,35,3.5,27.8,1063.0,4.51,28.6,100.0,10.0,60.0,Intercambio entre amigos,Ropa vintage,Ahorro económico,Masculino,Ninguna
Ecuador,2005,6,267.56,44.59,28,4.67,32.0,1005.0,5.48,25.0,83.33,33.33,66.67,Mercado físico,Ropa casual,Ahorro económico,Femenino,TikTok
Ecuador,2006,11,356.06,32.37,39,3.55,26.45,1037.36,3.85,25.45,81.82,27.27,81.82,Mercado físico,Ropa deportiva,Ahorro económico,Femenino,WhatsApp
Ecuador,2007,4,182.16,45.54,19,4.75,26.75,1331.5,6.72,37.5,75.0,0.0,50.0,Feria local,Ropa casual,Tendencia social,Femenino,TikTok
Ecuador,2008,10,424.81,42.48,40,4.0,25.3,998.8,5.97,32.8,80.0,10.0,50.0,Feria local,Accesorios,Ahorro económico,Masculino,Facebook
Ecuador,2009,9,305.1,33.9,39,4.33,31.78,1201.33,3.37,37.89,77.78,0.0,55.56,Mercado físico,Ropa vintage,Ahorro económico,Masculino,Facebook
Ecuador,2010,7,344.2,49.17,26,3.71,28.86,1178.57,3.86,31.57,85.71,14.29,42.86,Mercado físico,Accesorios,Ahorro económico,Femenino,Facebook
Ecuador,2011,7,311.94,44.56,25,3.57,28.29,887.71,3.84,35.86,100.0,28.57,28.57,Feria local,Ropa de diseñador,Sostenibilidad ambiental,Femenino,TikTok
Ecuador,2012,12,505.1,42.09,47,3.92,22.83,932.08,6.48,25.17,66.67,8.33,66.67,Mercado físico,Ropa de diseñador,Ahorro económico,Masculino,WhatsApp
Ecuador,2013,9,391.11,43.46,41,4.56,30.78,927.11,2.12,30.56,100.0,0.0,66.67,Tienda online,Ropa vintage,Sostenibilidad ambiental,Femenino,Facebook
Ecuador,2014,14,672.02,48.0,61,4.36,29.29,1080.86,4.14,30.71,64.29,7.14,71.43,Feria local,Calzado,Ahorro económico,Femenino,TikTok
Ecuador,2015,14,713.66,50.98,57,4.07,33.43,1181.07,7.07,26.14,78.57,7.14,42.86,Tienda online,Ropa vintage,Ahorro económico,Femenino,TikTok
Ecuador,2016,21,1172.49,55.83,99,4.71,29.52,1135.1,2.78,27.9,80.95,19.05,61.9,Feria local,Accesorios,Ahorro económico,Femenino,TikTok
Ecuador,2017,22,1118.51,50.84,108,4.91,25.77,1114.59,3.67,36.14,68.18,36.36,72.73,Tienda online,Ropa deportiva,Ahorro económico,Femenino,TikTok
Ecuador,2018,23,1234.33,53.67,100,4.35,27.87,1085.74,3.87,27.74,82.61,17.39,78.26,Tienda online,Calzado,Ahorro económico,Masculino,Instagram
Ecuador,2019,22,1216.68,55.3,108,4.91,27.82,1085.09,5.17,33.32,86.36,22.73,59.09,Tienda online,Ropa de diseñador,Reducir consumo,Femenino,Instagram
Ecuador,2020,33,1865.04,56.52,169,5.12,28.18,973.97,5.55,29.91,78.79,9.09,66.67,Aplicación móvil,Ropa deportiva,Sostenibilidad ambiental,Femenino,Instagram
Ecuador,2021,31,1957.83,63.16,181,5.84,27.06,1173.35,4.58,34.26,77.42,16.13,67.74,Aplicación móvil,Ropa deportiva,Ahorro económico,Femenino,Facebook
Ecuador,2022,44,2756.94,62.66,222,5.05,25.73,1049.05,6.38,28.32,79.55,22.73,56.82,Tienda online,Ropa de diseñador,Ahorro económico,Femenino,Instagram
Ecuador,2023,45,2754.05,61.2,249,5.53,27.67,1043.09,5.34,31.82,68.89,6.67,66.67,Redes sociales,Accesorios,Ahorro económico,Femenino,Instagram
Ecuador,2024,49,3061.16,62.47,267,5.45,27.45,1154.8,5.8,33.88,85.71,8.16,59.18,Tienda online,Ropa vintage,Ahorro económico,Masculino,Instagram
Ecuador,2025,44,2862.6,65.06,271,6.16,25.18,1057.07,3.78,28.02,86.36,20.45,63.64,Redes sociales,Ropa vintage,Ahorro económico,Femenino,Facebook
Ecuador,2026,35,2360.34,67.44,206,5.89,29.54,1005.77,5.81,31.89,82.86,14.29,57.14,Tienda online,Ropa de diseñador,Ahorro económico,Femenino,Instagram
España,2000,14,451.77,32.27,51,3.64,24.71,887.93,5.74,35.64,78.57,14.29,57.14,Feria local,Ropa de diseñador,Sostenibilidad ambiental,Femenino,TikTok
España,2001,4,149.06,37.26,12,3.0,33.5,1100.0,5.65,34.75,100.0,25.0,25.0,Intercambio entre amigos,Ropa vintage,Ahorro económico,Masculino,Instagram
España,2002,8,223.4,27.92,21,2.62,27.0,952.38,5.12,24.88,50.0,12.5,50.0,Mercado físico,Ropa de diseñador,Ahorro económico,Femenino,Instagram
España,2003,9,286.65,31.85,35,3.89,28.44,1093.44,6.77,25.78,100.0,0.0,88.89,Mercado físico,Ropa casual,Sostenibilidad ambiental,Femenino,Pinterest
España,2004,8,365.22,45.65,27,3.38,29.0,1215.25,5.71,23.0,87.5,12.5,87.5,Mercado físico,Ropa casual,Sostenibilidad ambiental,Masculino,Instagram
España,2005,11,347.35,31.58,29,2.64,23.73,1091.27,8.96,33.91,54.55,9.09,63.64,Mercado físico,Ropa de diseñador,Moda única/vintage,Masculino,Facebook
España,2006,5,206.82,41.36,21,4.2,23.2,1247.8,3.4,23.2,80.0,20.0,60.0,Mercado físico,Calzado,Ahorro económico,Masculino,TikTok
España,2007,9,352.39,39.15,33,3.67,30.44,1262.11,4.81,41.67,88.89,0.0,44.44,Feria local,Ropa formal,Ahorro económico,Femenino,TikTok
España,2008,15,608.26,40.55,53,3.53,24.27,981.13,3.35,18.6,86.67,13.33,66.67,Mercado físico,Ropa de diseñador,Ahorro económico,Femenino,Ninguna
España,2009,7,234.93,33.56,37,5.29,24.57,996.86,6.24,33.29,71.43,42.86,57.14,Mercado físico,Ropa de diseñador,Ahorro económico,Masculino,TikTok
España,2010,6,337.1,56.18,25,4.17,37.5,1267.5,6.07,22.33,83.33,16.67,66.67,Feria local,Ropa formal,Ahorro económico,Masculino,TikTok
España,2011,8,479.41,59.93,36,4.5,31.88,1034.75,5.1,28.5,100.0,12.5,75.0,Mercado físico,Ropa deportiva,Ahorro económico,Masculino,Instagram
España,2012,10,495.58,49.56,63,6.3,30.1,856.1,3.55,18.6,70.0,10.0,60.0,Intercambio entre amigos,Calzado,Sostenibilidad ambiental,Femenino,Instagram
España,2013,12,536.67,44.72,42,3.5,30.33,932.83,5.07,35.25,66.67,8.33,58.33,Feria local,Accesorios,Ahorro económico,Femenino,TikTok
España,2014,13,623.3,47.95,58,4.46,30.31,1315.62,3.19,35.31,76.92,15.38,61.54,Aplicación móvil,Ropa deportiva,Moda única/vintage,Masculino,WhatsApp
España,2015,18,858.26,47.68,87,4.83,25.39,1132.06,3.92,28.33,94.44,0.0,44.44,Mercado físico,Ropa de diseñador,Tendencia social,Femenino,WhatsApp
España,2016,10,564.7,56.47,48,4.8,28.7,1041.4,6.93,29.5,60.0,0.0,60.0,Mercado físico,Ropa vintage,Tendencia social,Femenino,Instagram
España,2017,17,938.05,55.18,77,4.53,26.24,1016.18,4.85,33.82,88.24,17.65,76.47,Tienda online,Ropa vintage,Ahorro económico,Femenino,Instagram
España,2018,26,1561.33,60.05,136,5.23,27.81,1014.12,3.88,29.04,80.77,23.08,65.38,Mercado físico,Ropa vintage,Ahorro económico,Masculino,TikTok
España,2019,18,870.31,48.35,82,4.56,24.94,1067.83,4.02,27.56,72.22,33.33,50.0,Aplicación móvil,Ropa vintage,Ahorro económico,Masculino,Instagram
España,2020,28,1516.14,54.15,142,5.07,27.93,1043.25,4.7,24.79,67.86,10.71,50.0,Feria local,Ropa formal,Ahorro económico,Femenino,Instagram
España,2021,39,2426.28,62.21,210,5.38,26.79,1036.46,5.12,30.31,79.49,20.51,51.28,Aplicación móvil,Ropa deportiva,Ahorro económico,Femenino,TikTok
España,2022,43,2807.09,65.28,230,5.35,26.53,1028.47,3.69,33.65,67.44,9.3,67.44,Tienda online,Ropa casual,Ahorro económico,Femenino,Instagram
España,2023,30,1859.27,61.98,160,5.33,25.77,1025.6,6.25,30.0,86.67,3.33,63.33,Feria local,Ropa casual,Moda única/vintage,Femenino,TikTok
España,2024,48,3049.69,63.54,248,5.17,28.65,1070.33,4.38,32.25,81.25,12.5,72.92,Tienda online,Ropa vintage,Sostenibilidad ambiental,Femenino,Instagram
España,2025,28,1921.17,68.61,151,5.39,28.96,1159.39,5.41,31.93,75.0,14.29,64.29,Tienda online,Accesorios,Ahorro económico,Femenino,WhatsApp
España,2026,41,2771.23,67.59,223,5.44,26.68,1152.71,4.14,29.12,82.93,14.63,65.85,Tienda online,Ropa vintage,Ahorro económico,Femenino,Facebook
México,2000,6,168.26,28.04,20,3.33,24.17,838.83,4.97,24.17,66.67,16.67,83.33,Mercado físico,Ropa deportiva,Sostenibilidad ambiental,Masculino,Ninguna
México,2001,9,238.16,26.46,26,2.89,28.89,1071.33,6.11,30.33,77.78,0.0,66.67,Feria local,Ropa vintage,Tendencia social,Masculino,TikTok
México,2002,7,214.14,30.59,22,3.14,27.0,1050.29,3.97,27.43,71.43,57.14,57.14,Intercambio entre amigos,Calzado,Ahorro económico,Femenino,TikTok
México,2003,8,262.73,32.84,36,4.5,24.0,956.0,7.1,30.88,87.5,12.5,62.5,Mercado físico,Ropa casual,Ahorro económico,Femenino,WhatsApp
México,2004,6,206.26,34.38,25,4.17,28.5,898.67,9.32,30.0,66.67,16.67,66.67,Mercado físico,Ropa vintage,Reducir consumo,Femenino,Instagram
México,2005,6,249.68,41.61,16,2.67,32.33,1277.33,4.6,39.5,50.0,33.33,66.67,Feria local,Ropa deportiva,Ahorro económico,Masculino,WhatsApp
México,2006,6,246.59,41.1,22,3.67,21.17,1085.5,6.43,20.17,50.0,16.67,83.33,Feria local,Ropa de diseñador,Sostenibilidad ambiental,Masculino,TikTok
México,2007,8,336.27,42.03,31,3.88,26.12,1102.0,4.53,24.12,37.5,0.0,62.5,Intercambio entre amigos,Accesorios,Reducir consumo,Femenino,TikTok
México,2008,10,451.35,45.14,38,3.8,26.7,1114.6,3.81,30.1,100.0,10.0,100.0,Mercado físico,Ropa casual,Tendencia social,Femenino,TikTok
México,2009,11,437.38,39.76,46,4.18,27.91,1038.45,3.21,35.09,81.82,9.09,54.55,Mercado físico,Ropa de diseñador,Moda única/vintage,Femenino,TikTok
México,2010,5,192.26,38.45,26,5.2,22.2,1098.0,3.5,46.0,80.0,20.0,60.0,Feria local,Calzado,Ahorro económico,Masculino,Instagram
México,2011,9,451.71,50.19,38,4.22,28.89,1099.33,5.37,25.56,88.89,22.22,22.22,Feria local,Accesorios,Ahorro económico,Femenino,Instagram
México,2012,13,572.17,44.01,52,4.0,28.46,1218.38,3.87,29.46,92.31,7.69,76.92,Mercado físico,Ropa formal,Ahorro económico,Femenino,Instagram
México,2013,10,497.64,49.76,58,5.8,25.3,1217.8,5.46,36.0,50.0,0.0,30.0,Feria local,Calzado,Sostenibilidad ambiental,Masculino,WhatsApp
México,2014,19,965.83,50.83,74,3.89,27.37,1121.21,6.73,29.68,73.68,5.26,78.95,Mercado físico,Ropa casual,Ahorro económico,Femenino,Instagram
México,2015,12,736.02,61.34,55,4.58,29.58,995.25,3.99,30.17,83.33,16.67,75.0,Feria local,Ropa casual,Ahorro económico,Femenino,Facebook
México,2016,11,660.88,60.08,54,4.91,26.09,1154.09,4.0,37.36,90.91,18.18,45.45,Aplicación móvil,Ropa vintage,Ahorro económico,Femenino,Ninguna
México,2017,16,898.72,56.17,76,4.75,30.94,1048.88,3.53,31.0,93.75,0.0,62.5,Intercambio entre amigos,Calzado,Ahorro económico,Femenino,TikTok
México,2018,23,1181.75,51.38,105,4.57,25.96,1213.17,4.59,22.3,65.22,8.7,69.57,Tienda online,Ropa deportiva,Ahorro económico,Femenino,Instagram
México,2019,26,1487.69,57.22,122,4.69,27.04,1085.38,5.7,26.15,80.77,11.54,65.38,Redes sociales,Ropa de diseñador,Sostenibilidad ambiental,Femenino,Instagram
México,2020,28,1603.73,57.28,117,4.18,30.07,1052.21,5.38,27.71,60.71,17.86,60.71,Tienda online,Calzado,Ahorro económico,Femenino,TikTok
México,2021,35,2059.2,58.83,183,5.23,30.09,1074.43,5.51,30.57,80.0,14.29,48.57,Aplicación móvil,Calzado,Ahorro económico,Femenino,Facebook
México,2022,37,2401.39,64.9,218,5.89,28.95,1124.7,5.38,27.81,89.19,10.81,72.97,Redes sociales,Ropa vintage,Ahorro económico,Femenino,Instagram
México,2023,41,2543.8,62.04,236,5.76,28.2,1149.51,4.96,26.51,78.05,21.95,60.98,Tienda online,Ropa de diseñador,Moda única/vintage,Femenino,TikTok
México,2024,41,2720.51,66.35,219,5.34,27.05,1111.61,5.68,26.9,78.05,17.07,58.54,Redes sociales,Accesorios,Ahorro económico,Femenino,Instagram
México,2025,39,2525.38,64.75,195,5.0,28.67,1118.87,6.27,25.31,66.67,15.38,64.1,Tienda online,Ropa casual,Ahorro económico,Femenino,Instagram
México,2026,40,2797.62,69.94,209,5.22,29.2,1012.08,4.44,31.92,75.0,17.5,57.5,Tienda online,Ropa vintage,Ahorro económico,Masculino,Instagram
Perú,2000,11,322.09,29.28,39,3.55,26.36,1109.27,5.24,39.18,81.82,45.45,81.82,Feria local,Ropa de diseñador,Ahorro económico,Masculino,Instagram
Perú,2001,6,221.92,36.99,21,3.5,30.0,1026.17,4.9,32.17,83.33,16.67,83.33,Mercado físico,Ropa de diseñador,Ahorro económico,Masculino,TikTok
Perú,2002,6,145.45,24.24,19,3.17,27.17,792.33,4.67,41.83,83.33,16.67,66.67,Mercado físico,Calzado,Tendencia social,Femenino,Instagram
Perú,2003,6,186.79,31.13,18,3.0,28.67,1195.33,7.2,38.33,50.0,16.67,66.67,Mercado físico,Ropa formal,Moda única/vintage,Masculino,WhatsApp
Perú,2004,8,237.95,29.74,23,2.88,27.75,1262.38,5.51,30.12,87.5,12.5,50.0,Mercado físico,Ropa de diseñador,Ahorro económico,Femenino,Facebook
Perú,2005,12,506.67,42.22,35,2.92,26.25,1026.92,8.11,40.17,75.0,16.67,75.0,Mercado físico,Ropa de diseñador,Sostenibilidad ambiental,Femenino,Facebook
Perú,2006,5,192.25,38.45,21,4.2,24.2,923.8,1.76,17.2,100.0,0.0,80.0,Mercado físico,Accesorios,Ahorro económico,Femenino,TikTok
Perú,2007,8,249.21,31.15,28,3.5,26.62,996.0,3.01,19.88,75.0,12.5,50.0,Mercado físico,Calzado,Ahorro económico,Masculino,TikTok
Perú,2008,10,396.98,39.7,35,3.5,24.1,932.2,4.14,39.7,90.0,30.0,60.0,Feria local,Ropa vintage,Sostenibilidad ambiental,Femenino,Instagram
Perú,2009,11,476.97,43.36,39,3.55,28.45,1061.09,4.01,29.64,81.82,0.0,63.64,Mercado físico,Ropa casual,Ahorro económico,Masculino,Instagram
Perú,2010,11,419.23,38.11,45,4.09,29.09,1106.27,2.3,24.73,90.91,9.09,72.73,Mercado físico,Ropa casual,Sostenibilidad ambiental,Masculino,Facebook
Perú,2011,7,323.5,46.21,21,3.0,26.29,1106.29,3.83,36.71,100.0,14.29,57.14,Mercado físico,Ropa formal,Ahorro económico,Masculino,Facebook
Perú,2012,12,539.72,44.98,53,4.42,30.25,1069.08,6.09,32.08,83.33,0.0,41.67,Redes sociales,Ropa de diseñador,Tendencia social,Femenino,Pinterest
Perú,2013,9,393.26,43.7,38,4.22,29.11,1211.56,3.58,26.44,100.0,22.22,66.67,Mercado físico,Ropa vintage,Ahorro económico,Masculino,Instagram
Perú,2014,11,639.29,58.12,51,4.64,31.27,1197.64,2.47,24.73,81.82,18.18,63.64,Mercado físico,Ropa de diseñador,Moda única/vintage,Femenino,WhatsApp
Perú,2015,15,821.73,54.78,51,3.4,27.07,1068.53,4.55,25.6,80.0,20.0,53.33,Mercado físico,Accesorios,Ahorro económico,Femenino,Facebook
Perú,2016,15,691.52,46.1,72,4.8,26.67,1083.4,6.01,40.33,73.33,13.33,60.0,Feria local,Ropa formal,Ahorro económico,Femenino,Ninguna
Perú,2017,23,1415.07,61.52,107,4.65,31.09,1153.96,2.22,28.22,69.57,21.74,65.22,Aplicación móvil,Accesorios,Ahorro económico,Masculino,Facebook
Perú,2018,17,950.4,55.91,82,4.82,30.53,1096.94,4.78,26.0,82.35,17.65,76.47,Mercado físico,Ropa de diseñador,Ahorro económico,Femenino,Facebook
Perú,2019,26,1410.9,54.27,154,5.92,26.73,1023.5,4.52,30.19,76.92,7.69,73.08,Tienda online,Ropa casual,Ahorro económico,Femenino,Facebook
Perú,2020,27,1508.52,55.87,130,4.81,26.81,1203.56,4.82,32.11,81.48,22.22,62.96,Feria local,Ropa deportiva,Ahorro económico,Femenino,Instagram
Perú,2021,34,1997.81,58.76,165,4.85,28.35,1033.56,6.37,32.56,70.59,17.65,67.65,Tienda online,Ropa vintage,Sostenibilidad ambiental,Femenino,Ninguna
Perú,2022,45,2679.1,59.54,244,5.42,29.67,1091.58,6.22,30.87,80.0,8.89,60.0,Redes sociales,Ropa formal,Ahorro económico,Femenino,Instagram
Perú,2023,50,3184.7,63.69,247,4.94,25.82,1102.92,5.19,33.48,74.0,20.0,66.0,Aplicación móvil,Ropa de diseñador,Ahorro económico,Femenino,Instagram
Perú,2024,56,3528.09,63.0,301,5.38,28.04,1073.41,5.84,31.07,82.14,16.07,75.0,Redes sociales,Ropa deportiva,Ahorro económico,Femenino,Instagram
Perú,2025,46,3009.95,65.43,275,5.98,28.5,1025.91,5.38,31.98,86.96,10.87,69.57,Tienda online,Calzado,Ahorro económico,Femenino,Instagram
Perú,2026,33,2121.96,64.3,196,5.94,25.64,1078.12,4.64,29.48,78.79,12.12,60.61,Redes sociales,Calzado,Ahorro económico,Femenino,Instagram
Uruguay,2000,7,203.9,29.13,21,3.0,25.86,1066.29,6.31,29.14,85.71,42.86,71.43,Mercado físico,Ropa formal,Moda única/vintage,Femenino,Instagram
Uruguay,2001,6,136.75,22.79,19,3.17,27.0,1151.67,6.35,27.5,50.0,16.67,66.67,Intercambio entre amigos,Ropa de diseñador,Necesidad,Masculino,Instagram
Uruguay,2002,6,189.34,31.56,12,2.0,27.67,1219.0,7.35,41.33,83.33,50.0,50.0,Mercado físico,Accesorios,Ahorro económico,Femenino,TikTok
Uruguay,2003,10,368.15,36.82,37,3.7,32.1,1138.1,4.53,41.8,90.0,0.0,80.0,Mercado físico,Calzado,Ahorro económico,Masculino,Facebook
Uruguay,2004,9,409.77,45.53,26,2.89,27.0,1123.33,6.69,37.67,77.78,11.11,66.67,Mercado físico,Ropa de diseñador,Sostenibilidad ambiental,Femenino,WhatsApp
Uruguay,2005,9,319.25,35.47,34,3.78,30.11,1147.33,5.01,25.33,88.89,22.22,77.78,Mercado físico,Calzado,Ahorro económico,Femenino,Facebook
Uruguay,2006,7,338.43,48.35,27,3.86,24.57,1215.43,5.17,21.0,100.0,0.0,57.14,Mercado físico,Accesorios,Ahorro económico,Femenino,Ninguna
Uruguay,2007,8,286.37,35.8,28,3.5,24.5,955.0,2.56,25.25,87.5,0.0,75.0,Mercado físico,Ropa de diseñador,Ahorro económico,Masculino,WhatsApp
Uruguay,2008,8,269.61,33.7,28,3.5,27.5,934.38,3.64,33.0,75.0,37.5,75.0,Mercado físico,Calzado,Ahorro económico,Femenino,WhatsApp
Uruguay,2009,3,127.35,42.45,14,4.67,27.67,1332.33,2.23,19.67,66.67,66.67,33.33,Mercado físico,Ropa vintage,Sostenibilidad ambiental,Masculino,Ninguna
Uruguay,2010,5,217.73,43.55,14,2.8,23.4,1027.0,4.88,20.8,100.0,40.0,100.0,Mercado físico,Accesorios,Ahorro económico,Masculino,Instagram
Uruguay,2011,5,214.89,42.98,26,5.2,26.8,1050.8,6.32,24.6,100.0,0.0,60.0,Feria local,Ropa deportiva,Sostenibilidad ambiental,Femenino,Pinterest
Uruguay,2012,15,725.67,48.38,60,4.0,27.27,1117.4,3.63,32.0,93.33,20.0,66.67,Tienda online,Ropa formal,Moda única/vintage,Femenino,Instagram
Uruguay,2013,8,334.35,41.79,30,3.75,24.62,1069.38,5.34,28.38,62.5,12.5,87.5,Feria local,Accesorios,Ahorro económico,Femenino,Instagram
Uruguay,2014,13,740.1,56.93,76,5.85,26.62,1045.92,5.66,36.92,84.62,15.38,69.23,Mercado físico,Ropa vintage,Sostenibilidad ambiental,Femenino,TikTok
Uruguay,2015,22,1151.89,52.36,94,4.27,29.77,1077.73,5.71,25.18,72.73,22.73,54.55,Mercado físico,Ropa casual,Ahorro económico,Masculino,Instagram
Uruguay,2016,20,979.16,48.96,97,4.85,29.55,1184.4,2.98,30.35,70.0,25.0,70.0,Mercado físico,Ropa casual,Ahorro económico,Masculino,TikTok
Uruguay,2017,21,1107.34,52.73,102,4.86,26.86,992.57,4.49,39.57,80.95,19.05,57.14,Mercado físico,Accesorios,Ahorro económico,Femenino,TikTok
Uruguay,2018,22,1133.7,51.53,102,4.64,28.73,1174.09,4.97,32.82,90.91,13.64,81.82,Feria local,Calzado,Ahorro económico,Femenino,TikTok
Uruguay,2019,35,1896.39,54.18,174,4.97,27.71,1012.69,4.97,33.14,85.71,22.86,71.43,Redes sociales,Calzado,Ahorro económico,Femenino,Facebook
Uruguay,2020,27,1482.01,54.89,155,5.74,28.3,1047.67,4.19,25.19,77.78,3.7,55.56,Feria local,Ropa casual,Ahorro económico,Femenino,Instagram
Uruguay,2021,31,1979.53,63.86,175,5.65,26.74,956.71,3.45,33.35,87.1,12.9,58.06,Aplicación móvil,Ropa formal,Ahorro económico,Masculino,Pinterest
Uruguay,2022,38,2489.63,65.52,174,4.58,27.68,1123.0,4.91,35.03,84.21,10.53,60.53,Redes sociales,Ropa de diseñador,Ahorro económico,Femenino,Instagram
Uruguay,2023,51,3331.32,65.32,276,5.41,28.43,1067.08,3.83,29.63,78.43,13.73,60.78,Tienda online,Calzado,Ahorro económico,Femenino,WhatsApp
Uruguay,2024,56,3703.58,66.14,314,5.61,27.14,1094.34,4.73,31.62,60.71,12.5,64.29,Redes sociales,Ropa de diseñador,Ahorro económico,Femenino,Instagram
Uruguay,2025,45,3151.7,70.04,236,5.24,27.87,961.0,4.82,31.62,80.0,13.33,64.44,Tienda online,Ropa deportiva,Ahorro económico,Masculino,Instagram
Uruguay,2026,38,2475.4,65.14,220,5.79,27.53,1004.26,4.5,31.58,76.32,7.89,52.63,Redes sociales,Accesorios,Ahorro económico,Femenino,WhatsApp
Venezuela,2000,2,82.95,41.48,3,1.5,30.5,777.5,2.2,24.0,100.0,0.0,50.0,Aplicación móvil,Ropa de diseñador,Ahorro económico,No binario,WhatsApp
Venezuela,2001,11,340.86,30.99,36,3.27,29.91,1060.45,6.17,34.73,81.82,36.36,72.73,Mercado físico,Ropa formal,Moda única/vintage,Femenino,TikTok
Venezuela,2002,8,240.52,30.06,31,3.88,31.88,1119.0,4.53,29.88,87.5,37.5,75.0,Feria local,Ropa deportiva,Tendencia social,Femenino,Instagram
Venezuela,2003,3,110.94,36.98,10,3.33,30.67,1343.33,6.63,32.67,66.67,0.0,33.33,Feria local,Ropa vintage,Tendencia social,Femenino,Instagram
Venezuela,2004,13,455.77,35.06,41,3.15,33.0,1166.62,7.38,28.38,84.62,23.08,76.92,Mercado físico,Ropa vintage,Moda única/vintage,Femenino,WhatsApp
Venezuela,2005,11,408.72,37.16,34,3.09,29.73,1090.64,4.84,32.82,81.82,18.18,54.55,Feria local,Ropa vintage,Sostenibilidad ambiental,Masculino,Facebook
Venezuela,2006,9,443.87,49.32,30,3.33,27.56,1153.0,2.74,39.22,100.0,22.22,44.44,Feria local,Ropa vintage,Ahorro económico,Femenino,Instagram
Venezuela,2007,9,318.37,35.37,37,4.11,28.44,984.11,7.28,27.0,100.0,44.44,44.44,Mercado físico,Ropa formal,Sostenibilidad ambiental,Masculino,Instagram
Venezuela,2008,6,223.63,37.27,24,4.0,28.33,1221.83,3.2,17.17,100.0,0.0,83.33,Mercado físico,Calzado,Ahorro económico,Femenino,Instagram
Venezuela,2009,5,253.08,50.62,15,3.0,34.6,1200.2,8.0,31.8,100.0,20.0,80.0,Feria local,Ropa de diseñador,Ahorro económico,Masculino,Instagram
Venezuela,2010,11,458.48,41.68,50,4.55,28.0,961.36,5.55,21.36,54.55,18.18,63.64,Feria local,Calzado,Ahorro económico,Femenino,Facebook
Venezuela,2011,3,126.76,42.25,9,3.0,24.67,1393.33,2.4,18.33,100.0,33.33,0.0,Feria local,Ropa casual,Sostenibilidad ambiental,Masculino,Ninguna
Venezuela,2012,10,426.07,42.61,41,4.1,30.3,1073.3,4.24,18.2,60.0,0.0,40.0,Mercado físico,Ropa casual,Ahorro económico,Femenino,Instagram
Venezuela,2013,10,445.4,44.54,45,4.5,26.9,1024.0,5.05,30.7,90.0,10.0,20.0,Tienda online,Ropa vintage,Ahorro económico,Femenino,Instagram
Venezuela,2014,19,898.88,47.31,95,5.0,24.05,1089.89,2.75,31.95,84.21,5.26,73.68,Mercado físico,Accesorios,Sostenibilidad ambiental,Femenino,Instagram
Venezuela,2015,19,880.51,46.34,93,4.89,26.47,1092.79,7.02,36.68,78.95,10.53,78.95,Mercado físico,Ropa casual,Ahorro económico,Femenino,WhatsApp
Venezuela,2016,15,752.9,50.19,78,5.2,29.0,1023.2,7.62,29.53,73.33,20.0,80.0,Feria local,Ropa deportiva,Reducir consumo,Masculino,Instagram
Venezuela,2017,22,1119.01,50.86,115,5.23,28.5,1166.05,6.32,31.82,95.45,27.27,59.09,Tienda online,Ropa casual,Ahorro económico,Femenino,WhatsApp
Venezuela,2018,14,664.4,47.46,78,5.57,29.07,1040.86,5.54,20.64,78.57,21.43,71.43,Feria local,Calzado,Ahorro económico,Femenino,Instagram
Venezuela,2019,20,1245.64,62.28,94,4.7,28.85,1077.05,7.48,29.45,85.0,5.0,70.0,Aplicación móvil,Calzado,Ahorro económico,Femenino,WhatsApp
Venezuela,2020,32,1914.26,59.82,158,4.94,26.75,1075.06,3.64,30.25,87.5,18.75,81.25,Tienda online,Ropa vintage,Moda única/vintage,Femenino,Pinterest
Venezuela,2021,33,2036.47,61.71,161,4.88,27.36,997.3,5.29,33.61,81.82,18.18,81.82,Tienda online,Ropa vintage,Ahorro económico,Femenino,Instagram
Venezuela,2022,35,2191.64,62.62,185,5.29,29.03,1134.74,5.09,32.57,77.14,8.57,60.0,Tienda online,Ropa formal,Ahorro económico,Femenino,TikTok
Venezuela,2023,47,3062.91,65.17,267,5.68,27.57,1091.21,4.92,26.57,74.47,10.64,63.83,Tienda online,Ropa formal,Ahorro económico,Femenino,Instagram
Venezuela,2024,40,2618.15,65.45,192,4.8,28.1,1123.82,5.11,24.35,77.5,12.5,75.0,Redes sociales,Ropa casual,Sostenibilidad ambiental,Femenino,Instagram
Venezuela,2025,41,2688.26,65.57,213,5.2,27.51,1076.46,3.58,27.85,80.49,9.76,73.17,Tienda online,Ropa de diseñador,Ahorro económico,Masculino,Facebook
Venezuela,2026,52,3631.47,69.84,275,5.29,26.67,1052.94,4.57,33.06,88.46,19.23,61.54,Tienda online,Accesorios,Ahorro económico,Femenino,Instagram
